{"cameraMode":{"drawMode":0,"name":"Shaded","section":"Shading Mode"},"sceneLighting":false,"audioPlay":false,"sceneViewState":{"m_AlwaysRefresh":false,"showFog":true,"showSkybox":false,"showFlares":true,"showImageEffects":true,"showParticleSystems":true,"showVisualEffectGraphs":true,"m_FxEnabled":true},"in2DMode":false,"pivot":{"x":-0.720763623714447,"y":0.15372207760810853,"z":-0.4663228690624237},"rotation":{"x":0.11767983436584473,"y":-0.11888349056243897,"z":0.014230595901608467,"w":0.9858869910240173},"size":0.8367830514907837,"orthographic":false}