{"cameraMode":{"drawMode":0,"name":"Shaded","section":"Shading Mode"},"sceneLighting":false,"audioPlay":false,"sceneViewState":{"m_AlwaysRefresh":false,"showFog":true,"showSkybox":false,"showFlares":true,"showImageEffects":true,"showParticleSystems":true,"showVisualEffectGraphs":true,"m_FxEnabled":true},"in2DMode":false,"pivot":{"x":0.6372652649879456,"y":0.9820593595504761,"z":-0.6292085647583008},"rotation":{"x":0.001923978328704834,"y":-0.9687618613243103,"z":0.24819833040237428,"w":0.0075396266765892509},"size":2.571929693222046,"orthographic":false}