{"cameraMode":{"drawMode":0,"name":"Shaded","section":"Shading Mode"},"sceneLighting":false,"audioPlay":false,"sceneViewState":{"m_AlwaysRefresh":false,"showFog":true,"showSkybox":false,"showFlares":true,"showImageEffects":true,"showParticleSystems":true,"showVisualEffectGraphs":true,"m_FxEnabled":true},"in2DMode":false,"pivot":{"x":1.3786931037902833,"y":1.8911904096603394,"z":2.76430606842041},"rotation":{"x":0.02509438619017601,"y":-0.9700657725334168,"z":0.21316978335380555,"w":0.11430288851261139},"size":0.9407147765159607,"orthographic":false}