{"cameraMode":{"drawMode":0,"name":"Shaded","section":"Shading Mode"},"sceneLighting":false,"audioPlay":false,"sceneViewState":{"m_AlwaysRefresh":false,"showFog":true,"showSkybox":false,"showFlares":true,"showImageEffects":true,"showParticleSystems":true,"showVisualEffectGraphs":true,"m_FxEnabled":true},"in2DMode":false,"pivot":{"x":-1.1920928955078126e-7,"y":1.1142677068710328,"z":0.35961616039276125},"rotation":{"x":0.00041151492041535676,"y":0.999270498752594,"z":-0.03780040144920349,"w":0.009607546031475068},"size":1.8570573329925538,"orthographic":false}