{"cameraMode":{"drawMode":0,"name":"Shaded","section":"Shading Mode"},"sceneLighting":false,"audioPlay":false,"sceneViewState":{"m_AlwaysRefresh":false,"showFog":true,"showSkybox":false,"showFlares":true,"showImageEffects":true,"showParticleSystems":true,"showVisualEffectGraphs":true,"m_FxEnabled":true},"in2DMode":false,"pivot":{"x":-0.6139850616455078,"y":0.5097916126251221,"z":-0.11839050054550171},"rotation":{"x":-0.07084305584430695,"y":0.725928008556366,"z":-0.07562659680843353,"w":-0.6799389719963074},"size":1.1334155797958375,"orthographic":false}