{"cameraMode":{"drawMode":0,"name":"Shaded","section":"Shading Mode"},"sceneLighting":false,"audioPlay":false,"sceneViewState":{"m_AlwaysRefresh":false,"showFog":true,"showSkybox":false,"showFlares":true,"showImageEffects":true,"showParticleSystems":true,"showVisualEffectGraphs":true,"m_FxEnabled":true},"in2DMode":false,"pivot":{"x":-0.10665874183177948,"y":0.2840924859046936,"z":-0.985320508480072},"rotation":{"x":-0.0041933790780603889,"y":-0.007511266507208347,"z":0.0000018153693872591248,"w":1.0000423192977906},"size":0.8966126441955566,"orthographic":false}