{"cameraMode":{"drawMode":0,"name":"Shaded","section":"Shading Mode"},"sceneLighting":false,"audioPlay":false,"sceneViewState":{"m_AlwaysRefresh":false,"showFog":true,"showSkybox":false,"showFlares":true,"showImageEffects":true,"showParticleSystems":true,"showVisualEffectGraphs":true,"m_FxEnabled":true},"in2DMode":false,"pivot":{"x":0.04535459354519844,"y":0.6977587342262268,"z":0.34216636419296267},"rotation":{"x":0.0010014534927904606,"y":0.9916270971298218,"z":-0.1289464235305786,"w":0.0077359904535114769},"size":1.1550315618515015,"orthographic":false}