{"cameraMode":{"drawMode":0,"name":"Shaded","section":"Shading Mode"},"sceneLighting":false,"audioPlay":false,"sceneViewState":{"m_AlwaysRefresh":false,"showFog":true,"showSkybox":false,"showFlares":true,"showImageEffects":true,"showParticleSystems":true,"showVisualEffectGraphs":true,"m_FxEnabled":true},"in2DMode":false,"pivot":{"x":0.0000027120113372802736,"y":0.2776138484477997,"z":0.000004887580871582031},"rotation":{"x":0.2040065973997116,"y":-0.6347002387046814,"z":0.17896971106529237,"w":0.723650336265564},"size":0.6923949718475342,"orthographic":false}