{"cameraMode":{"drawMode":0,"name":"Shaded","section":"Shading Mode"},"sceneLighting":false,"audioPlay":false,"sceneViewState":{"m_AlwaysRefresh":false,"showFog":true,"showSkybox":false,"showFlares":true,"showImageEffects":true,"showParticleSystems":true,"showVisualEffectGraphs":true,"m_FxEnabled":true},"in2DMode":false,"pivot":{"x":0.09552797675132752,"y":0.7278288006782532,"z":0.4124782681465149},"rotation":{"x":0.00041151492041535676,"y":0.999270498752594,"z":-0.03780040144920349,"w":0.009607546031475068},"size":1.4533488750457764,"orthographic":false}