{"cameraMode":{"drawMode":0,"name":"Shaded","section":"Shading Mode"},"sceneLighting":false,"audioPlay":false,"sceneViewState":{"m_AlwaysRefresh":false,"showFog":true,"showSkybox":false,"showFlares":true,"showImageEffects":true,"showParticleSystems":true,"showVisualEffectGraphs":true,"m_FxEnabled":true},"in2DMode":false,"pivot":{"x":-1.6504875421524048,"y":1.6610485315322877,"z":0.5452662706375122},"rotation":{"x":-0.10560255497694016,"y":-0.7918826341629028,"z":0.14312951266765595,"w":-0.5843367576599121},"size":0.7479435801506043,"orthographic":false}