{"cameraMode":{"drawMode":0,"name":"Shaded","section":"Shading Mode"},"sceneLighting":false,"audioPlay":false,"sceneViewState":{"m_AlwaysRefresh":false,"showFog":true,"showSkybox":false,"showFlares":true,"showImageEffects":true,"showParticleSystems":true,"showVisualEffectGraphs":true,"m_FxEnabled":true},"in2DMode":false,"pivot":{"x":0.00013047456741333008,"y":0.11551932990550995,"z":-0.009908556938171387},"rotation":{"x":-0.0029309841338545086,"y":-0.7947961688041687,"z":0.0038107133004814388,"w":-0.6069919466972351},"size":0.7409933805465698,"orthographic":false}