{"cameraMode":{"drawMode":0,"name":"Shaded","section":"Shading Mode"},"sceneLighting":false,"audioPlay":false,"sceneViewState":{"m_AlwaysRefresh":false,"showFog":true,"showSkybox":false,"showFlares":true,"showImageEffects":true,"showParticleSystems":true,"showVisualEffectGraphs":true,"m_FxEnabled":true},"in2DMode":false,"pivot":{"x":1.639504075050354,"y":0.6880796551704407,"z":-0.04663790017366409},"rotation":{"x":0.025620395317673684,"y":-0.7081891894340515,"z":0.025718169286847116,"w":0.7052019834518433},"size":0.8354237675666809,"orthographic":false}