{"cameraMode":{"drawMode":0,"name":"Shaded","section":"Shading Mode"},"sceneLighting":false,"audioPlay":false,"sceneViewState":{"m_AlwaysRefresh":false,"showFog":true,"showSkybox":false,"showFlares":true,"showImageEffects":true,"showParticleSystems":true,"showVisualEffectGraphs":true,"m_FxEnabled":true},"in2DMode":false,"pivot":{"x":0.1681513637304306,"y":0.6142309904098511,"z":0.09140806645154953},"rotation":{"x":0.011158810928463936,"y":-0.9696007370948792,"z":0.045444056391716,"w":0.2405429184436798},"size":0.6426330208778381,"orthographic":false}