{"cameraMode":{"drawMode":0,"name":"Shaded","section":"Shading Mode"},"sceneLighting":false,"audioPlay":false,"sceneViewState":{"m_AlwaysRefresh":false,"showFog":true,"showSkybox":false,"showFlares":true,"showImageEffects":true,"showParticleSystems":true,"showVisualEffectGraphs":true,"m_FxEnabled":true},"in2DMode":false,"pivot":{"x":-0.007820025086402893,"y":1.0406520366668702,"z":0.012459099292755127},"rotation":{"x":-0.02105064131319523,"y":-0.15592043101787568,"z":0.00329990079626441,"w":-0.9876261353492737},"size":0.4872187376022339,"orthographic":false}