{"cameraMode":{"drawMode":0,"name":"Shaded","section":"Shading Mode"},"sceneLighting":false,"audioPlay":false,"sceneViewState":{"m_AlwaysRefresh":false,"showFog":true,"showSkybox":false,"showFlares":true,"showImageEffects":true,"showParticleSystems":true,"showVisualEffectGraphs":true,"m_FxEnabled":true},"in2DMode":false,"pivot":{"x":0.8412482142448425,"y":1.1722278594970704,"z":-0.8955510258674622},"rotation":{"x":-0.06587269902229309,"y":-0.1081383004784584,"z":0.007194492034614086,"w":-0.9920097589492798},"size":0.4872187376022339,"orthographic":false}