{"cameraMode":{"drawMode":0,"name":"Shaded","section":"Shading Mode"},"sceneLighting":false,"audioPlay":false,"sceneViewState":{"m_AlwaysRefresh":false,"showFog":true,"showSkybox":false,"showFlares":true,"showImageEffects":true,"showParticleSystems":true,"showVisualEffectGraphs":true,"m_FxEnabled":true},"in2DMode":false,"pivot":{"x":-0.16706281900405885,"y":0.669213056564331,"z":1.4798827171325684},"rotation":{"x":0.04085320606827736,"y":-0.9592035412788391,"z":0.19424673914909364,"w":0.20171956717967988},"size":0.49770408868789675,"orthographic":false}