{"cameraMode":{"drawMode":0,"name":"Shaded","section":"Shading Mode"},"sceneLighting":false,"audioPlay":false,"sceneViewState":{"m_AlwaysRefresh":false,"showFog":true,"showSkybox":false,"showFlares":true,"showImageEffects":true,"showParticleSystems":true,"showVisualEffectGraphs":true,"m_FxEnabled":true},"in2DMode":false,"pivot":{"x":1.0780593156814576,"y":1.3483866453170777,"z":2.505247116088867},"rotation":{"x":0.005074394401162863,"y":-0.993845522403717,"z":0.09902212023735047,"w":0.05101336911320686},"size":0.8911643028259277,"orthographic":false}