{"cameraMode":{"drawMode":0,"name":"Shaded","section":"Shading Mode"},"sceneLighting":false,"audioPlay":false,"sceneViewState":{"m_AlwaysRefresh":false,"showFog":true,"showSkybox":false,"showFlares":true,"showImageEffects":true,"showParticleSystems":true,"showVisualEffectGraphs":true,"m_FxEnabled":true},"in2DMode":false,"pivot":{"x":0.035430192947387698,"y":0.7139732241630554,"z":0.027196109294891359},"rotation":{"x":-0.00010925876995315775,"y":-1.0000460147857667,"z":-0.0011893458431586624,"w":-0.004210089333355427},"size":1.1900877952575684,"orthographic":false}