{"cameraMode":{"drawMode":0,"name":"Shaded","section":"Shading Mode"},"sceneLighting":true,"audioPlay":false,"sceneViewState":{"m_AlwaysRefresh":false,"showFog":true,"showSkybox":false,"showFlares":true,"showImageEffects":true,"showParticleSystems":true,"showVisualEffectGraphs":true,"m_FxEnabled":true},"in2DMode":false,"pivot":{"x":0.0000025033950805664064,"y":0.5860700607299805,"z":0.000004410743713378906},"rotation":{"x":-0.44125014543533327,"y":-0.032224614173173907,"z":0.015365490689873696,"w":-0.8968604803085327},"size":1.7320507764816285,"orthographic":false}