{"cameraMode":{"drawMode":0,"name":"Shaded","section":"Shading Mode"},"sceneLighting":false,"audioPlay":false,"sceneViewState":{"m_AlwaysRefresh":false,"showFog":true,"showSkybox":false,"showFlares":true,"showImageEffects":true,"showParticleSystems":true,"showVisualEffectGraphs":true,"m_FxEnabled":true},"in2DMode":false,"pivot":{"x":0.11428460478782654,"y":1.285426378250122,"z":0.39806830883026125},"rotation":{"x":-0.12815327942371369,"y":0.7406112551689148,"z":-0.1477031707763672,"w":-0.6429038643836975},"size":1.8451330661773682,"orthographic":false}