{"cameraMode":{"drawMode":0,"name":"Shaded","section":"Shading Mode"},"sceneLighting":false,"audioPlay":false,"sceneViewState":{"m_AlwaysRefresh":false,"showFog":true,"showSkybox":false,"showFlares":true,"showImageEffects":true,"showParticleSystems":true,"showVisualEffectGraphs":true,"m_FxEnabled":true},"in2DMode":false,"pivot":{"x":0.18296582996845246,"y":0.8881837129592896,"z":-0.8823142051696777},"rotation":{"x":0.07806043326854706,"y":-0.0657627135515213,"z":0.005199272185564041,"w":0.9948427081108093},"size":0.6251994371414185,"orthographic":false}