{"cameraMode":{"drawMode":0,"name":"Shaded","section":"Shading Mode"},"sceneLighting":false,"audioPlay":false,"sceneViewState":{"m_AlwaysRefresh":false,"showFog":true,"showSkybox":false,"showFlares":true,"showImageEffects":true,"showParticleSystems":true,"showVisualEffectGraphs":true,"m_FxEnabled":true},"in2DMode":false,"pivot":{"x":0.7559019923210144,"y":1.9384840726852418,"z":1.293877363204956},"rotation":{"x":-0.007018389645963907,"y":-0.9762533903121948,"z":0.21452666819095612,"w":-0.03195193037390709},"size":1.2750613689422608,"orthographic":false}