{"cameraMode":{"drawMode":0,"name":"Shaded","section":"Shading Mode"},"sceneLighting":false,"audioPlay":false,"sceneViewState":{"m_AlwaysRefresh":false,"showFog":true,"showSkybox":false,"showFlares":true,"showImageEffects":true,"showParticleSystems":true,"showVisualEffectGraphs":true,"m_FxEnabled":true},"in2DMode":false,"pivot":{"x":0.5311583280563355,"y":0.8210650682449341,"z":1.8544113636016846},"rotation":{"x":-0.000719261821359396,"y":0.9993759393692017,"z":-0.0272965207695961,"w":-0.025188757106661798},"size":0.6642636656761169,"orthographic":false}