{"cameraMode":{"drawMode":0,"name":"Shaded","section":"Shading Mode"},"sceneLighting":false,"audioPlay":false,"sceneViewState":{"m_AlwaysRefresh":false,"showFog":true,"showSkybox":false,"showFlares":true,"showImageEffects":true,"showParticleSystems":true,"showVisualEffectGraphs":true,"m_FxEnabled":true},"in2DMode":false,"pivot":{"x":0.000002652406692504883,"y":0.5200833082199097,"z":0.000004827976226806641},"rotation":{"x":-0.1536644846200943,"y":0.7502952218055725,"z":-0.18743771314620973,"w":-0.615092933177948},"size":0.7789596319198608,"orthographic":false}