{"cameraMode":{"drawMode":0,"name":"Shaded","section":"Shading Mode"},"sceneLighting":false,"audioPlay":false,"sceneViewState":{"m_AlwaysRefresh":false,"showFog":true,"showSkybox":false,"showFlares":true,"showImageEffects":true,"showParticleSystems":true,"showVisualEffectGraphs":true,"m_FxEnabled":true},"in2DMode":false,"pivot":{"x":0.055595360696315768,"y":0.809761106967926,"z":0.86922287940979},"rotation":{"x":-0.00010925876995315775,"y":-1.0000460147857667,"z":-0.0011893458431586624,"w":-0.004210089333355427},"size":1.3089975118637086,"orthographic":false}